Metric,Value
MAE,39109.57324368088
RMSE,44062.57254382483
MAPE,103.1849648822382
