Metric,Value
MAE,18796.037434924856
RMSE,32336.407067460834
MAPE,29.414067505023123
