Model,Accuracy,Precision,Recall,F1 Score
LSTM,0.8617511520737328,0.8383620689655172,0.8963133640552995,0.8663697104677061
GRU,0.782258064516129,0.7425742574257426,0.8640552995391705,0.7987220447284346
